{
  "version": 1,
  "saved_at": "2026-04-22T01:40:53",
  "level": "level_1",
  "enemy_scenario": "mixed_vs_many_agents",
  "context_key": "level_1|mixed_vs_many_agents",
  "best_fitness": 9447.97641060077,
  "best_genome": {
    "fitness": 9447.97641060077,
    "genes": {
      "aggression": 0.8773617428815783,
      "survival": 0.32684445171090526,
      "objective": 2.7,
      "spacing": 1.1417460619784119,
      "aim": 1.0,
      "stalking": 1.0898072921868998,
      "unstuck": 1.8262899587166561
    }
  },
  "path_hint": [
    [
      785,
      848
    ],
    [
      785,
      832
    ],
    [
      785,
      816
    ],
    [
      785,
      800
    ],
    [
      785,
      784
    ],
    [
      785,
      768
    ],
    [
      785,
      752
    ],
    [
      785,
      736
    ],
    [
      785,
      720
    ],
    [
      785,
      704
    ],
    [
      785,
      688
    ],
    [
      785,
      672
    ],
    [
      761,
      688
    ],
    [
      739,
      688
    ],
    [
      743,
      674
    ],
    [
      759,
      668
    ],
    [
      777,
      680
    ],
    [
      791,
      678
    ],
    [
      807,
      682
    ],
    [
      795,
      690
    ],
    [
      779,
      674
    ],
    [
      763,
      658
    ],
    [
      747,
      642
    ],
    [
      731,
      626
    ],
    [
      719,
      614
    ],
    [
      711,
      630
    ],
    [
      711,
      646
    ],
    [
      711,
      662
    ],
    [
      708,
      678
    ],
    [
      692,
      694
    ],
    [
      676,
      710
    ],
    [
      664,
      726
    ],
    [
      638,
      706
    ],
    [
      622,
      690
    ],
    [
      606,
      686
    ],
    [
      582,
      678
    ],
    [
      570,
      666
    ],
    [
      558,
      678
    ],
    [
      538,
      680
    ],
    [
      514,
      672
    ],
    [
      498,
      656
    ],
    [
      506,
      640
    ],
    [
      514,
      616
    ],
    [
      506,
      600
    ],
    [
      508,
      584
    ],
    [
      518,
      574
    ],
    [
      504,
      560
    ],
    [
      488,
      546
    ],
    [
      472,
      542
    ],
    [
      458,
      540
    ],
    [
      444,
      550
    ],
    [
      424,
      566
    ],
    [
      402,
      564
    ],
    [
      386,
      564
    ],
    [
      402,
      564
    ],
    [
      384,
      562
    ],
    [
      400,
      562
    ],
    [
      380,
      562
    ],
    [
      364,
      568
    ],
    [
      381,
      572
    ],
    [
      365,
      572
    ],
    [
      381,
      572
    ],
    [
      397,
      572
    ],
    [
      395,
      598
    ],
    [
      381,
      600
    ],
    [
      367,
      594
    ],
    [
      369,
      618
    ],
    [
      369,
      634
    ],
    [
      369,
      650
    ],
    [
      369,
      666
    ],
    [
      367,
      646
    ],
    [
      367,
      622
    ],
    [
      367,
      606
    ],
    [
      367,
      582
    ],
    [
      367,
      566
    ],
    [
      345,
      550
    ],
    [
      329,
      534
    ],
    [
      325,
      518
    ],
    [
      325,
      502
    ],
    [
      325,
      522
    ],
    [
      323,
      538
    ],
    [
      311,
      554
    ],
    [
      309,
      570
    ],
    [
      325,
      586
    ],
    [
      337,
      602
    ],
    [
      337,
      618
    ],
    [
      335,
      634
    ],
    [
      319,
      634
    ],
    [
      309,
      656
    ],
    [
      309,
      672
    ],
    [
      309,
      688
    ],
    [
      283,
      688
    ],
    [
      267,
      704
    ],
    [
      251,
      720
    ],
    [
      243,
      736
    ],
    [
      237,
      718
    ],
    [
      235,
      702
    ],
    [
      233,
      686
    ],
    [
      231,
      670
    ],
    [
      219,
      680
    ],
    [
      205,
      680
    ],
    [
      215,
      670
    ],
    [
      225,
      658
    ],
    [
      225,
      678
    ],
    [
      233,
      654
    ],
    [
      233,
      638
    ],
    [
      233,
      622
    ],
    [
      211,
      610
    ],
    [
      195,
      608
    ],
    [
      199,
      592
    ],
    [
      201,
      576
    ],
    [
      201,
      560
    ],
    [
      187,
      544
    ],
    [
      171,
      528
    ],
    [
      165,
      512
    ],
    [
      163,
      496
    ],
    [
      163,
      480
    ],
    [
      163,
      464
    ],
    [
      163,
      448
    ],
    [
      163,
      432
    ],
    [
      163,
      416
    ],
    [
      163,
      400
    ],
    [
      163,
      384
    ],
    [
      163,
      368
    ],
    [
      149,
      370
    ],
    [
      149,
      342
    ],
    [
      165,
      326
    ],
    [
      181,
      310
    ],
    [
      187,
      294
    ],
    [
      201,
      278
    ],
    [
      207,
      262
    ],
    [
      207,
      244
    ],
    [
      207,
      228
    ],
    [
      217,
      204
    ],
    [
      197,
      198
    ],
    [
      221,
      174
    ],
    [
      237,
      158
    ],
    [
      245,
      184
    ],
    [
      245,
      200
    ],
    [
      261,
      182
    ],
    [
      273,
      166
    ],
    [
      287,
      154
    ],
    [
      307,
      158
    ],
    [
      291,
      158
    ],
    [
      275,
      158
    ],
    [
      257,
      158
    ],
    [
      241,
      158
    ],
    [
      225,
      154
    ],
    [
      203,
      176
    ],
    [
      191,
      188
    ],
    [
      213,
      166
    ],
    [
      225,
      154
    ],
    [
      225,
      176
    ],
    [
      247,
      166
    ],
    [
      263,
      150
    ],
    [
      279,
      158
    ],
    [
      295,
      158
    ],
    [
      271,
      158
    ],
    [
      291,
      158
    ],
    [
      307,
      158
    ],
    [
      319,
      170
    ],
    [
      341,
      176
    ],
    [
      361,
      180
    ],
    [
      377,
      172
    ],
    [
      393,
      164
    ],
    [
      409,
      164
    ],
    [
      425,
      164
    ],
    [
      441,
      164
    ],
    [
      457,
      164
    ],
    [
      473,
      164
    ],
    [
      489,
      164
    ]
  ],
  "config": {
    "sandbox_enemy_count": 3,
    "enemy_scenario": "mixed_vs_many_agents",
    "ally_agents_enabled": false,
    "ally_agents_count": 2,
    "training_level": "level_1",
    "benchmark_runs": 4,
    "population_size": 15,
    "generations": 10,
    "crossover_mode": "uniform",
    "selection_mode": "tournament",
    "mutation_rate": 0.35000000000000014,
    "mutation_scale": 0.48000000000000015,
    "weight_aggression": 1.0,
    "weight_survival": 1.0,
    "weight_objective": 1.35,
    "weight_pathing": 1.1
  },
  "validation": {
    "success": false,
    "reason": "timeout",
    "enemies_killed": 4,
    "total_enemies": 5,
    "damage_dealt": 250.0,
    "elapsed_frames": 14000,
    "max_still_frames": 31,
    "oscillation_events": 0,
    "hazard_hits": 0
  }
}